[
	{
		"name": "分机管理",
		"icon": "fa-cloud-upload",
		"route": "#",
		"submenu": [
			{
				"name": "新开分机",
				"route": "extension.add",
				"action": "ExtensionController.Add"
			},
			{
				"name": "分机列表",
				"route": "extension.list",
				"action": "ExtensionController.List"
			},
			{
				"name": "新建分机组 ",
				"route": "extension.addgroup",
				"action": "ExtensionController.AddGroup"
			}
			,
			{
				"name": "分机组列表",
				"route": "extension.listgroup",
				"action": "ExtensionController.ListGroup"
			}
			
		]
	}, 
	{
		"name": "路由管理",
		"icon": "fa-bars",
		"route": "#",
		"submenu": [
			{
				"name": "新建路由",
				"route": "dialplan.add",
				"action": "DialplanController.Add"
			},
			{
				"name": "路由列表",
				"route": "dialplan.list",
				"action": "DialplanController.List"
			} 
		]
	}, 
	{
		"name": "IVR管理",
		"icon": "fa-ioxhost",
		"route": "#",
		"submenu": [
			{
				"name": "新建IVR",
				"route": "ivr.add",
				"action": "IvrController.Add"
			},
			{
				"name": "IVR列表",
				"route": "ivr.list",
				"action": "IvrController.List"
			} 
		]
	}, 
	{
		"name": "网关管理",
		"icon": "fa-plug",
		"route": "#",
		"submenu": [
			{
				"name": "新建网关",
				"route": "gateway.add",
				"action": "GatewayController.Add"
			},
			{
				"name": "网关列表",
				"route": "gateway.list",
				"action": "GatewayController.List"
			} 
			,
			{
				"name": "新建网关组",
				"route": "gatewaygroup.add",
				"action": "GatewayGroupController.Add"
			} 
			,
			{
				"name": "网关组列表",
				"route": "gatewaygroup.list",
				"action": "GatewayGroupController.List"
			} 
		]
	}, 
	{
		"name": "队列管理",
		"icon": "fa-recycle",
		"route": "#",
		"submenu": [
			{
				"name": "新建队列",
				"route": "fifo.add",
				"action": "FifoController.Add"
			},
			{
				"name": "队列列表",
				"route": "fifo.list",
				"action": "FifoController.List"
			} 
		]
	}, 
	{
		"name": "话单管理",
		"icon": "fa-outdent",
		"route": "cdr.list",
		"submenu": [
			
			{
				"name": "话单列表",
				"route": "cdr.list",
				"action": "CdrController.List"
			} 
		]
	}, 
	{
		"name": "系统管理",
		"icon": "fa-cog",
		"route": "#",
		"submenu": [
			
			{
				"name": "基础配置",
				"route": "baseconfig.list",
				"action": "BaseconfigController.List"
			},
			{
				"name": "系统配置",
				"route": "system.list",
				"action": "SystemController.List"
			} 
			,
			{
				"name": "彩铃配置",
				"route": "ring.list",
				"action": "RingController.List"
			},
			{
				"name": "接口展示",
				"route": "system.interface",
				"action": "SystemController.Interface"
			}  
		]
	}
	, 
	{
		"name": "会议管理",
		"icon": "fa-comments",
		"route": "conference.list",
		"submenu": [
			
			{
				"name": "新增会议",
				"route": "conference.add",
				"action": "ConferenceController.Add"
			},
			{
				"name": "会议列表",
				"route": "conference.list",
				"action": "ConferenceController.List"
			} 
			
		]
	}
]